{"cameraMode":{"drawMode":0,"name":"Shaded","section":"Shading Mode"},"sceneLighting":false,"audioPlay":false,"sceneViewState":{"showFog":true,"showMaterialUpdate":true,"showSkybox":true,"showFlares":true,"showImageEffects":true,"showParticleSystems":true},"in2DMode":false,"pivot":{"x":0.23251192271709443,"y":0.6650886535644531,"z":0.49599647521972659},"rotation":{"x":0.1464991569519043,"y":-0.0599665492773056,"z":0.009570352733135224,"w":0.987583339214325},"size":2.0367140769958498,"orthographic":false}