{"cameraMode":{"drawMode":0,"name":"Shaded","section":"Shading Mode"},"sceneLighting":true,"audioPlay":false,"sceneViewState":{"showFog":true,"showMaterialUpdate":false,"showSkybox":true,"showFlares":true,"showImageEffects":true,"showParticleSystems":true},"in2DMode":false,"pivot":{"x":-24.93085289001465,"y":-10.782764434814454,"z":1.2047100067138672},"rotation":{"x":-0.17320656776428224,"y":0.6942695379257202,"z":-0.17778463661670686,"w":-0.6756874322891235},"size":40.92683410644531,"orthographic":false}