{"cameraMode":{"drawMode":0,"name":"Shaded","section":"Shading Mode"},"sceneLighting":true,"audioPlay":false,"sceneViewState":{"showFog":true,"showMaterialUpdate":false,"showSkybox":true,"showFlares":true,"showImageEffects":true,"showParticleSystems":true},"in2DMode":false,"pivot":{"x":-23.884836196899415,"y":-10.840729713439942,"z":-2.0698251724243166},"rotation":{"x":-0.15918049216270448,"y":0.7282435297966003,"z":-0.1808798462152481,"w":-0.6417800784111023},"size":29.593006134033204,"orthographic":false}