{"cameraMode":{"drawMode":0,"name":"Shaded","section":"Shading Mode"},"sceneLighting":true,"audioPlay":false,"sceneViewState":{"showFog":true,"showMaterialUpdate":true,"showSkybox":true,"showFlares":true,"showImageEffects":true,"showParticleSystems":true},"in2DMode":false,"pivot":{"x":-2.3312437534332277,"y":-2.040983200073242,"z":1.9627134799957276},"rotation":{"x":0.2649915814399719,"y":-0.4670751988887787,"z":0.1499689668416977,"w":0.8304689526557922},"size":5.876338005065918,"orthographic":false}