{"cameraMode":{"drawMode":0,"name":"Shaded","section":"Shading Mode"},"sceneLighting":false,"audioPlay":false,"sceneViewState":{"showFog":true,"showMaterialUpdate":true,"showSkybox":true,"showFlares":true,"showImageEffects":true,"showParticleSystems":true},"in2DMode":false,"pivot":{"x":-0.2924671769142151,"y":0.6300886273384094,"z":0.34393513202667239},"rotation":{"x":0.15241803228855134,"y":-0.1978807896375656,"z":0.03184835612773895,"w":0.9680227637290955},"size":2.0367140769958498,"orthographic":false}