{"cameraMode":{"drawMode":0,"name":"Shaded","section":"Shading Mode"},"sceneLighting":true,"audioPlay":false,"sceneViewState":{"showFog":true,"showMaterialUpdate":true,"showSkybox":true,"showFlares":true,"showImageEffects":true,"showParticleSystems":true},"in2DMode":false,"pivot":{"x":-4.6748480796813969,"y":-0.10130274295806885,"z":0.5137768983840942},"rotation":{"x":-0.0539793036878109,"y":0.6745517253875732,"z":-0.05027061328291893,"w":-0.7348811030387878},"size":5.876338005065918,"orthographic":false}