{"cameraMode":{"drawMode":0,"name":"Shaded","section":"Shading Mode"},"sceneLighting":true,"audioPlay":false,"sceneViewState":{"showFog":true,"showMaterialUpdate":true,"showSkybox":true,"showFlares":true,"showImageEffects":true,"showParticleSystems":true},"in2DMode":false,"pivot":{"x":-4.3480119705200199,"y":-0.9295647144317627,"z":0.3099032938480377},"rotation":{"x":-0.1247861310839653,"y":0.687376081943512,"z":-0.12262262403964997,"w":-0.705280065536499},"size":5.876338005065918,"orthographic":false}